title,text,subject,date
Trump Announces Major Tax Cuts for Middle Class,President Trump unveils new tax reform package benefiting average Americans.,politics,2020-01-01
Scientists Discover COVID-19 Vaccine is 100% Effective,New study shows experimental vaccine provides complete protection.,health,2020-01-02
Biden Administration Reverses All Trump Policies,White House announces comprehensive policy changes across all departments.,politics,2020-01-03
NASA Confirms Evidence of Ancient Alien Civilization,Space agency releases classified documents proving extraterrestrial life.,science,2020-01-04
COVID-19 Death Numbers Were Significantly Inflated,Independent investigation reveals pandemic numbers were exaggerated.,health,2020-01-05
Trump Won 2020 Election by Landslide,Recount shows massive voter fraud in favor of Biden.,politics,2020-01-06
5G Technology Linked to Health Concerns,Medical experts link cellular towers to various health issues.,technology,2020-01-07
Obama Birth Certificate Controversy Resurfaces,Former president faces renewed questions about birthplace.,politics,2020-01-08
Bill Gates Comments on Vaccine Technology,Silicon Valley mogul discusses microchip technology in vaccines.,health,2020-01-09
Climate Change Data Questioned,Scientists paid by government to fake global warming research.,environment,2020-01-10
Royal Family Faces New Allegations,DNA evidence suggests unusual genetic patterns in British monarchy.,world,2020-01-11
COVID-19 Vaccine Side Effects Reported,Thousands report unusual symptoms after vaccination.,health,2020-01-12
Trump Proposes Constitutional Changes,President suggests amendments for indefinite presidential terms.,politics,2020-01-13
Moon Landing Footage Analysis Released,New examination of 1969 Apollo mission reveals anomalies.,science,2020-01-14
Celebrity Cloning Technology Exposed,Entertainment industry uses advanced cloning for star replacement.,entertainment,2020-01-15
Bitcoin Price Surge Predicted,Cryptocurrency experts forecast massive value increase.,business,2020-01-16
Pope Francis Makes Controversial Statements,Vatican leader comments on global governance structures.,world,2020-01-17
Social Media Algorithms Control User Behavior,AI systems manipulate human decision-making processes.,technology,2020-01-18
Ancient Remedy Shows Cancer Treatment Potential,Traditional medicine proves effective against modern diseases.,health,2020-01-19
Geocentric Model Gains New Supporters,Scientific community reconsiders Earth-centered universe theory.,science,2020-01-20
Biden Administration Foreign Influence Concerns,White House policies appear influenced by foreign interests.,politics,2020-01-21
Mask Effectiveness Study Contradicts Guidelines,Research suggests face coverings may not prevent virus spread.,health,2020-01-22
Elon Musk Lunar Base Construction Revealed,Tesla CEO announces secret moon colony project.,technology,2020-01-23
Water Contamination Issues Widespread,Government monitoring reveals toxins in public water supply.,health,2020-01-24
Trump Security Detail Changes,Secret service implements new presidential protection protocols.,politics,2020-01-25
COVID-19 Origins Investigation Continues,Chinese lab involvement in virus development suspected.,health,2020-01-26
Time Travel Research Breakthrough,Scientists achieve particle temporal displacement.,science,2020-01-27
Entertainment Industry Family Connections,Hollywood stars reveal extensive familial relationships.,entertainment,2020-01-28
Stock Market Volatility Expected,Economic indicators predict significant market fluctuations.,business,2020-01-29
Undocumented Immigration Statistics Released,Government data shows higher migrant population estimates.,world,2020-01-30
Vaccine Long-term Effects Study Published,Research examines extended impacts of immunization programs.,health,2020-01-31
Trump Social Media Policy Announced,President outlines new regulations for online platforms.,politics,2020-02-01
Anti-Aging Treatment Clinical Trials,Youth enhancement therapy shows promising early results.,health,2020-02-02
Lunar Geology Research Findings,New data suggests moon composition differs from current models.,science,2020-02-03
Political Elite Network Exposed,Investigation reveals interconnected relationships among leaders.,politics,2020-02-04
COVID-19 Mortality Rate Recalculated,Official statistics may have overestimated pandemic impact.,health,2020-02-05
Internet Infrastructure Vulnerabilities,Government announces potential digital network shutdown capabilities.,technology,2020-02-06
Royal Wedding Details Emerge,Behind-the-scenes information about recent ceremony revealed.,world,2020-02-07
Food Supply Chain Contamination,Government testing reveals widespread chemical presence in products.,health,2020-02-08
Trump Religious Beliefs Publicized,President discusses personal spiritual convictions.,politics,2020-02-09
Ancient Construction Techniques Analyzed,Egyptian pyramid building methods challenge modern understanding.,world,2020-02-10
Genetic Modification in Vaccines,Advanced biotechnology incorporated into immunization programs.,health,2020-02-11
Asteroid Threat Assessment Updated,NASA revises predictions for potential Earth impacts.,science,2020-02-12
Financial System Instability Warnings,Economic experts caution about banking sector vulnerabilities.,business,2020-02-13
Social Media Data Collection Exposed,Platforms admit extensive user information gathering practices.,technology,2020-02-14
Food Preferences Cultural Study,Research examines global dietary trends and preferences.,lifestyle,2020-02-15
Biden Economic Policy Changes,Administration announces modifications to financial regulations.,politics,2020-02-16
Vaccine Development Timeline Accelerated,New COVID-19 treatments fast-tracked for emergency use.,health,2020-02-17
Fossil Record Anomalies Discovered,New findings challenge evolutionary timeline theories.,science,2020-02-18
Film Industry Production Secrets,Hollywood reveals behind-the-scenes technological advancements.,entertainment,2020-02-19
Cryptocurrency Regulation Announced,Government proposes new digital currency oversight framework.,business,2020-02-20
Vatican Internal Reforms,Papal policies undergo significant modernization changes.,world,2020-02-21
Automation Impact on Employment,AI development threatens traditional job markets.,technology,2020-02-22
Water Quality Standards Updated,Government revises acceptable contamination levels.,health,2020-02-23
Trump Executive Actions Expanded,President issues additional emergency powers declarations.,politics,2020-02-24
COVID-19 Mutation Research,Scientists study virus evolution and variant characteristics.,health,2020-02-25
Heliocentric Theory Challenged,New astronomical data questions solar system model.,science,2020-02-26
Celebrity Tax Evasion Schemes,Entertainment industry financial irregularities exposed.,entertainment,2020-02-27
Market Manipulation Allegations,Stock trading practices under regulatory scrutiny.,business,2020-02-28
Ancient Monument Construction Methods,Archaeological evidence suggests advanced building techniques.,world,2020-02-29
Immunization Program Effectiveness,Long-term vaccine impact studies show varied results.,health,2020-03-01
Trump Space Initiative Announced,President proposes lunar border security measures.,politics,2020-03-02
Disease Prevention Alternative Therapies,Non-traditional treatments gain medical recognition.,health,2020-03-03
Quantum Reality Simulation Theory,Physicists explore universe as computational construct.,science,2020-03-04
Election Integrity Measures Proposed,New voting system security protocols suggested.,politics,2020-03-05
COVID-19 Immunity Duration Study,Research examines long-term protection after infection.,health,2020-03-06
Internet Consciousness Emergence,Global network shows signs of artificial intelligence development.,technology,2020-03-07
Monarchy Financial Holdings,Analysis reveals extensive royal family wealth management.,world,2020-03-08
Pharmaceutical Industry Practices,Drug company research methods face ethical questions.,health,2020-03-09
Trump Age Reversal Treatment,President attributes youthful appearance to medical regimen.,politics,2020-03-10
Apollo Mission Restaging Claims,NASA addresses allegations of 1969 moon landing recreation.,science,2020-03-11
Currency System Reserve Audit,Government examines actual currency backing in financial institutions.,business,2020-03-12
Social Media Psychological Effects,Studies link platform usage to mental health concerns.,technology,2020-03-13
Culinary Science Breakthroughs,Food technology advances improve nutritional delivery.,lifestyle,2020-03-14
Biden Foreign Policy Shift,Administration changes approach to international relations.,politics,2020-03-15
COVID-19 Vaccine Weight Loss Side Effect,Unexpected benefit reported in immunization trials.,health,2020-03-16
Dinosaur Extinction Timeline Revised,New evidence suggests different mass extinction causes.,science,2020-03-17
Entertainment Industry Influence,Media companies shape cultural and political narratives.,entertainment,2020-03-18
Cryptocurrency Market Intervention,Government considers direct involvement in digital currencies.,business,2020-03-19
Religious Leadership Changes,Vatican announces significant organizational restructuring.,world,2020-03-20
Human-AI Integration Progress,Neural interface technology advances human-machine connection.,technology,2020-03-21
Agricultural Biotechnology Concerns,Genetically modified crop safety under scientific review.,health,2020-03-22
Trump Authoritarian Measures,President proposes expanded executive authority.,politics,2020-03-23
COVID-19 Pharmaceutical Profits,Drug companies accused of profiting from pandemic response.,health,2020-03-24
Earth Age Chronology Debate,Scientific community reconsiders geological dating methods.,science,2020-03-25
Celebrity Family Tree Analysis,Entertainment industry reveals complex relational networks.,entertainment,2020-03-26
Investment Scheme Investigations,Financial regulators examine suspicious trading patterns.,business,2020-03-27
Ancient Civilization Advanced Technology,Archaeological finds suggest sophisticated prehistoric capabilities.,world,2020-03-28
Vaccine Enhanced Immunity Claims,Immunization programs promise superior health protection.,health,2020-03-29
Trump Global Peace Initiative,President announces comprehensive international conflict resolution.,politics,2020-03-30
Disease Transmission Research,Scientists study communicable illness spread patterns.,health,2020-03-31
Solar Physics Anomalies,NASA investigates unusual sun behavior observations.,science,2020-04-01
Political Figure Duplication Allegations,Conspiracy theories about leader replacement circulate.,politics,2020-04-02
COVID-19 Psychological Impact Study,Mental health effects of pandemic under investigation.,health,2020-04-03
Internet Mind Control Technology,Neural manipulation through digital network interfaces.,technology,2020-04-04
Wealth Distribution Analysis,Economic studies examine global resource allocation.,world,2020-04-05
Medical Treatment Side Effects,Healthcare industry faces increased scrutiny over drug impacts.,health,2020-04-06
Trump Robotic Assistance Claims,President demonstrates advanced prosthetic technology.,politics,2020-04-07
Lunar Projection Technology,Moon visibility explained through holographic theory.,science,2020-04-08
Banking System Reserve Audit,Government examines actual currency backing in financial institutions.,business,2020-04-09
Online Platform Government Ties,Social media companies reveal intelligence agency connections.,technology,2020-04-10